curve_role,point_id,s_norm,x_mm,y_mm,z_mm
PA_INTRADOS_PATH,0,0.0,58.996188293930004,236.964400725735,27.329305619470457
PA_INTRADOS_PATH,1,0.025,61.49859578254909,232.06090534444104,29.386904415443297
PA_INTRADOS_PATH,2,0.05,63.8574482766326,227.01351377351398,31.257354125669984
PA_INTRADOS_PATH,3,0.075,66.05382779217047,221.82213083078926,32.91962009216104
PA_INTRADOS_PATH,4,0.1,68.06676760445669,216.48989174022765,34.35195668237224
PA_INTRADOS_PATH,5,0.125,69.87377620699903,211.02422131791403,35.53350672851465
PA_INTRADOS_PATH,6,0.15,71.45184989063952,205.43766663162864,36.446601128020625
PA_INTRADOS_PATH,7,0.175,72.77900129353215,199.748144889395,37.07968179006703
PA_INTRADOS_PATH,8,0.2,73.83614415075053,193.97823187249844,37.430464308480964
PA_INTRADOS_PATH,9,0.225,74.6089481883395,188.15332068733483,37.50867156352427
PA_INTRADOS_PATH,10,0.25,75.08916989723065,182.2988986145238,37.33776796443626
PA_INTRADOS_PATH,11,0.275,75.275106321632,176.43757344797862,36.95560727687801
PA_INTRADOS_PATH,12,0.3,75.17095865712186,170.58669067780275,36.41349417876813
PA_INTRADOS_PATH,13,0.325,74.78504584716103,164.75754220998203,35.772292143873194
PA_INTRADOS_PATH,14,0.35,74.12772059488886,158.95646190612217,35.09755471693672
PA_INTRADOS_PATH,15,0.375,73.20980704106438,153.18713920735394,34.455427973644774
PA_INTRADOS_PATH,16,0.4,72.04179958352498,147.45329725097025,33.90933480107535
PA_INTRADOS_PATH,17,0.425,70.63372698168604,141.76104016052508,33.51702589343617
PA_INTRADOS_PATH,18,0.45,68.99535175529664,136.120389030119,33.327404811721955
PA_INTRADOS_PATH,19,0.475,67.1362999595588,130.5456538709555,33.37690279249169
PA_INTRADOS_PATH,20,0.5,65.06574148217301,125.05446996923466,33.68584460362687
PA_INTRADOS_PATH,21,0.525,62.79138607746606,119.66571179551747,34.25560280869256
PA_INTRADOS_PATH,22,0.55,60.31808115845167,114.39705628370858,35.068551544012195
PA_INTRADOS_PATH,23,0.575,57.64679376079045,109.26340137676362,36.09211020558172
PA_INTRADOS_PATH,24,0.6,54.774086166784386,104.27669436074927,37.28333619814236
PA_INTRADOS_PATH,25,0.625,51.692075846652585,99.44688848029637,38.59228117198342
PA_INTRADOS_PATH,26,0.65,48.38893938901263,94.78357411343897,39.96405213884593
PA_INTRADOS_PATH,27,0.675,44.850054270849,90.29788947004036,41.33989751860444
PA_INTRADOS_PATH,28,0.7,41.05996082861584,86.00438114380148,42.65793611249035
PA_INTRADOS_PATH,29,0.725,37.00536007694814,81.92241879512953,43.85438171720658
PA_INTRADOS_PATH,30,0.75,32.67912033776529,78.07657700387283,44.86619854762084
PA_INTRADOS_PATH,31,0.775,28.08464556710043,74.49523114615808,45.63587825016029
PA_INTRADOS_PATH,32,0.8,23.23878391028783,71.2071340984687,46.1169570269592
PA_INTRADOS_PATH,33,0.825,18.17158354084426,68.23695500257485,46.27777387003451
PA_INTRADOS_PATH,34,0.85,12.923095732163205,65.60111013177935,46.10348038802274
PA_INTRADOS_PATH,35,0.875,7.538183178606898,63.30522209402978,45.595702697061526
PA_INTRADOS_PATH,36,0.9,2.0609859879171495,61.34398017246986,44.769638179861495
PA_INTRADOS_PATH,37,0.925,-3.4693079105567732,59.70309063781502,43.649600209474485
PA_INTRADOS_PATH,38,0.95,-9.020638826249945,58.36226936176212,42.264459959159794
PA_INTRADOS_PATH,39,0.975,-14.568416002938633,57.29822196664808,40.64399428261004
PA_INTRADOS_PATH,40,1.0,-20.09470495870749,56.48699900604138,38.816464513899746
